Name,Num,Guesses
Bulbasaur,3,Audino; Wingull; Bulbasaur
Ivysaur,4,Audino; Wingull; Beedrill; Ivysaur
Venusaur,5,Audino; Swampert; Dragonite; Exeggutor; Venusaur
Mega Venusaur,5,Audino; Urshifu Single Strike Style; Solgaleo; Mega Abomasnow; Mega Venusaur
Charmander,4,Audino; Totodile; Clefairy; Charmander
Charmeleon,3,Audino; Ninetales; Charmeleon
Charizard,4,Audino; Swampert; Dragonite; Charizard
Mega Charizard X,4,Audino; Urshifu Single Strike Style; Volcanion; Mega Charizard X
Mega Charizard Y,5,Audino; Urshifu Single Strike Style; Mega Latias; Trevenant; Mega Charizard Y
Squirtle,4,Audino; Totodile; Horsea; Squirtle
Wartortle,5,Audino; Totodile; Poliwhirl; Vaporeon; Wartortle
Blastoise,3,Audino; Typhlosion; Blastoise
Mega Blastoise,3,Audino; Palafin Hero Form; Mega Blastoise
Caterpie,4,Audino; Totodile; Cubone; Caterpie
Metapod,4,Audino; Totodile; Nidorina; Metapod
Butterfree,3,Audino; Piloswine; Butterfree
Weedle,4,Audino; Wingull; Oddish; Weedle
Kakuna,4,Audino; Wingull; Houndour; Kakuna
Beedrill,3,Audino; Wingull; Beedrill
Mega Beedrill,4,Audino; Urshifu Single Strike Style; Mega Latias; Mega Beedrill
Pidgey,3,Audino; Taillow; Pidgey
Pidgeotto,2,Audino; Pidgeotto
Pidgeot,2,Audino; Pidgeot
Mega Pidgeot,3,Audino; Wyrdeer; Mega Pidgeot
Rattata,4,Audino; Skitty; Ditto; Rattata
Alolan Rattata,4,Audino; Dolliv; Helioptile; Alolan Rattata
Raticate,4,Audino; Skitty; Aipom; Raticate
Alolan Raticate,4,Audino; Dolliv; Indeedee; Alolan Raticate
Spearow,4,Audino; Taillow; Pidgey; Spearow
Fearow,3,Audino; Pidgeot; Fearow
Ekans,3,Audino; Wobbuffet; Ekans
Arbok,3,Audino; Typhlosion; Arbok
Pikachu,4,Audino; Totodile; Cubone; Pikachu
Raichu,5,Audino; Totodile; Nidorina; Jolteon; Raichu
Alolan Raichu,4,Audino; Phantump; Cramorant; Alolan Raichu
Sandshrew,4,Audino; Totodile; Vulpix; Sandshrew
Alolan Sandshrew,3,Audino; Alolan Dugtrio; Alolan Sandshrew
Sandslash,5,Audino; Totodile; Nidorina; Ponyta; Sandslash
Alolan Sandslash,4,Audino; Urshifu Single Strike Style; Mega Latias; Alolan Sandslash
Nidoran♀,4,Audino; Totodile; Cubone; Nidoran♀
Nidorina,3,Audino; Totodile; Nidorina
Nidoqueen,4,Audino; Swampert; Nidoking; Nidoqueen
Nidoran♂,4,Audino; Totodile; Cubone; Nidoran♂
Nidorino,4,Audino; Totodile; Nidorina; Nidorino
Nidoking,3,Audino; Swampert; Nidoking
Clefairy,3,Audino; Totodile; Clefairy
Clefable,5,Audino; Typhlosion; Kadabra; Seaking; Clefable
Vulpix,3,Audino; Totodile; Vulpix
Alolan Vulpix,4,Audino; Galarian Meowth; Brionne; Alolan Vulpix
Ninetales,2,Audino; Ninetales
Alolan Ninetales,2,Audino; Alolan Ninetales
Jigglypuff,4,Audino; Taillow; Wigglytuff; Jigglypuff
Wigglytuff,3,Audino; Taillow; Wigglytuff
Zubat,3,Audino; Wingull; Zubat
Golbat,3,Audino; Swampert; Golbat
Oddish,3,Audino; Wingull; Oddish
Gloom,4,Audino; Wingull; Bulbasaur; Gloom
Vileplume,2,Audino; Vileplume
Paras,4,Audino; Wingull; Oddish; Paras
Parasect,4,Audino; Wingull; Beedrill; Parasect
Venonat,4,Audino; Wingull; Beedrill; Venonat
Venomoth,4,Audino; Vileplume; Haunter; Venomoth
Diglett,4,Audino; Totodile; Cubone; Diglett
Alolan Diglett,4,Audino; Phantump; Snom; Alolan Diglett
Dugtrio,3,Audino; Mightyena; Dugtrio
Alolan Dugtrio,2,Audino; Alolan Dugtrio
Meowth,4,Audino; Skitty; Ditto; Meowth
Alolan Meowth,3,Audino; Galarian Meowth; Alolan Meowth
Galarian Meowth,2,Audino; Galarian Meowth
Persian,3,Audino; Loudred; Persian
Alolan Persian,2,Audino; Alolan Persian
Psyduck,4,Audino; Totodile; Poliwhirl; Psyduck
Golduck,3,Audino; Typhlosion; Golduck
Mankey,4,Audino; Totodile; Voltorb; Mankey
Primeape,4,Audino; Mightyena; Drowzee; Primeape
Growlithe,5,Audino; Totodile; Nidorina; Metapod; Growlithe
Hisuian Growlithe,4,Audino; Phantump; Cramorant; Hisuian Growlithe
Arcanine,3,Audino; Typhlosion; Arcanine
Hisuian Arcanine,4,Audino; Urshifu Single Strike Style; Dracovish; Hisuian Arcanine
Poliwag,3,Audino; Totodile; Poliwag
Poliwhirl,3,Audino; Totodile; Poliwhirl
Poliwrath,3,Audino; Swampert; Poliwrath
Abra,4,Audino; Totodile; Nidorina; Abra
Kadabra,3,Audino; Typhlosion; Kadabra
Alakazam,4,Audino; Typhlosion; Kadabra; Alakazam
Mega Alakazam,4,Audino; Palafin Hero Form; Zeraora; Mega Alakazam
Machop,4,Audino; Totodile; Nidorina; Machop
Machoke,4,Audino; Typhlosion; Kadabra; Machoke
Machamp,4,Audino; Typhlosion; Blastoise; Machamp
Bellsprout,4,Audino; Wingull; Bulbasaur; Bellsprout
Weepinbell,4,Audino; Wingull; Bulbasaur; Weepinbell
Victreebel,3,Audino; Vileplume; Victreebel
Tentacool,3,Audino; Magcargo; Tentacool
Tentacruel,4,Audino; Swampert; Slowbro; Tentacruel
Geodude,3,Audino; Wingull; Geodude
Alolan Geodude,4,Audino; Phantump; Toxel; Alolan Geodude
Graveler,3,Audino; Magcargo; Graveler
Alolan Graveler,3,Audino; Alolan Dugtrio; Alolan Graveler
Golem,4,Audino; Swampert; Pupitar; Golem
Alolan Golem,4,Audino; Urshifu Single Strike Style; Volcanion; Alolan Golem
Ponyta,4,Audino; Totodile; Nidorina; Ponyta
Galarian Ponyta,4,Audino; Galarian Meowth; Drizzile; Galarian Ponyta
Rapidash,3,Audino; Typhlosion; Rapidash
Galarian Rapidash,4,Audino; Urshifu Single Strike Style; Mr. Rime; Galarian Rapidash
Slowpoke,4,Audino; Swampert; Poliwrath; Slowpoke
Galarian Slowpoke,4,Audino; Palafin Hero Form; Zeraora; Galarian Slowpoke
Slowbro,3,Audino; Swampert; Slowbro
Mega Slowbro,4,Audino; Urshifu Single Strike Style; Solgaleo; Mega Slowbro
Galarian Slowbro,4,Audino; Urshifu Single Strike Style; Mr. Rime; Galarian Slowbro
Magnemite,4,Audino; Wingull; Oddish; Magnemite
Magneton,3,Audino; Magcargo; Magneton
Farfetch'd,4,Audino; Taillow; Hoothoot; Farfetch'd
Galarian Farfetch'd,3,Audino; Sirfetch'd; Galarian Farfetch'd
Doduo,4,Audino; Pidgeot; Fearow; Doduo
Dodrio,3,Audino; Pidgeot; Dodrio
Seel,3,Audino; Shelgon; Seel
Dewgong,4,Audino; Swampert; Lapras; Dewgong
Grimer,4,Audino; Totodile; Nidorina; Grimer
Alolan Grimer,3,Audino; Alolan Dugtrio; Alolan Grimer
Muk,3,Audino; Wobbuffet; Muk
Alolan Muk,3,Audino; Alolan Dugtrio; Alolan Muk
Shellder,4,Audino; Totodile; Horsea; Shellder
Cloyster,3,Audino; Swampert; Cloyster
Gastly,4,Audino; Vileplume; Haunter; Gastly
Haunter,3,Audino; Vileplume; Haunter
Gengar,4,Audino; Swampert; Scyther; Gengar
Mega Gengar,5,Audino; Urshifu Single Strike Style; Mega Latias; Mega Beedrill; Mega Gengar
Onix,4,Audino; Swampert; Steelix; Onix
Drowzee,3,Audino; Mightyena; Drowzee
Hypno,4,Audino; Typhlosion; Kadabra; Hypno
Krabby,4,Audino; Totodile; Horsea; Krabby
Kingler,4,Audino; Typhlosion; Kadabra; Kingler
Voltorb,3,Audino; Totodile; Voltorb
Hisuian Voltorb,3,Audino; Phantump; Hisuian Voltorb
Electrode,4,Audino; Typhlosion; Kadabra; Electrode
Hisuian Electrode,4,Audino; Urshifu Single Strike Style; Mr. Rime; Hisuian Electrode
Exeggcute,4,Audino; Wingull; Oddish; Exeggcute
Exeggutor,4,Audino; Swampert; Dragonite; Exeggutor
Alolan Exeggutor,4,Audino; Urshifu Single Strike Style; Solgaleo; Alolan Exeggutor
Cubone,3,Audino; Totodile; Cubone
Marowak,3,Audino; Mightyena; Marowak
Alolan Marowak,4,Audino; Alolan Dugtrio; Alolan Muk; Alolan Marowak
Hitmonlee,4,Audino; Typhlosion; Kadabra; Hitmonlee
Hitmonchan,5,Audino; Typhlosion; Kadabra; Hitmonlee; Hitmonchan
Lickitung,3,Audino; Stantler; Lickitung
Koffing,4,Audino; Totodile; Clefairy; Koffing
Weezing,3,Audino; Wobbuffet; Weezing
Galarian Weezing,3,Audino; Tapu Lele; Galarian Weezing
Rhyhorn,3,Audino; Magcargo; Rhyhorn
Rhydon,3,Audino; Swampert; Rhydon
Chansey,2,Audino; Chansey
Tangela,4,Audino; Mightyena; Drowzee; Tangela
Kangaskhan,3,Audino; Stantler; Kangaskhan
Mega Kangaskhan,4,Audino; Terapagos Stellar Form; Silvally; Mega Kangaskhan
Horsea,3,Audino; Totodile; Horsea
Seadra,4,Audino; Wobbuffet; Weezing; Seadra
Goldeen,4,Audino; Totodile; Poliwag; Goldeen
Seaking,4,Audino; Typhlosion; Kadabra; Seaking
Staryu,4,Audino; Mightyena; Dugtrio; Staryu
Starmie,3,Audino; Piloswine; Starmie
Mr. Mime,4,Audino; Swampert; Ledian; Mr. Mime
Galarian Mr. Mime,4,Audino; Urshifu Single Strike Style; Mr. Rime; Galarian Mr. Mime
Scyther,3,Audino; Swampert; Scyther
Jynx,4,Audino; Swampert; Ledian; Jynx
Electabuzz,3,Audino; Ninetales; Electabuzz
Magmar,3,Audino; Typhlosion; Magmar
Pinsir,5,Audino; Typhlosion; Kadabra; Hitmonlee; Pinsir
Mega Pinsir,5,Audino; Urshifu Single Strike Style; Mega Latias; Trevenant; Mega Pinsir
Tauros,3,Audino; Stantler; Tauros
Magikarp,5,Audino; Totodile; Poliwhirl; Psyduck; Magikarp
Gyarados,4,Audino; Swampert; Lapras; Gyarados
Mega Gyarados,3,Audino; Urshifu Single Strike Style; Mega Gyarados
Lapras,3,Audino; Swampert; Lapras
Ditto,3,Audino; Skitty; Ditto
Eevee,4,Audino; Skitty; Ditto; Eevee
Vaporeon,4,Audino; Totodile; Poliwhirl; Vaporeon
Jolteon,4,Audino; Totodile; Nidorina; Jolteon
Flareon,5,Audino; Totodile; Nidorina; Ponyta; Flareon
Porygon,4,Audino; Loudred; Porygon2; Porygon
Omanyte,3,Audino; Wingull; Omanyte
Omastar,3,Audino; Magcargo; Omastar
Kabuto,3,Audino; Wingull; Kabuto
Kabutops,3,Audino; Swampert; Kabutops
Aerodactyl,4,Audino; Swampert; Golbat; Aerodactyl
Mega Aerodactyl,4,Audino; Urshifu Single Strike Style; Mega Latios; Mega Aerodactyl
Snorlax,4,Audino; Stantler; Kangaskhan; Snorlax
Articuno,5,Audino; Swampert; Golbat; Aerodactyl; Articuno
Galarian Articuno,4,Audino; Urshifu Single Strike Style; Mr. Rime; Galarian Articuno
Zapdos,4,Audino; Swampert; Golbat; Zapdos
Galarian Zapdos,3,Audino; Urshifu Single Strike Style; Galarian Zapdos
Moltres,5,Audino; Swampert; Golbat; Aerodactyl; Moltres
Galarian Moltres,3,Audino; Urshifu Single Strike Style; Galarian Moltres
Dratini,4,Audino; Wobbuffet; Ekans; Dratini
Dragonair,4,Audino; Wobbuffet; Ekans; Dragonair
Dragonite,3,Audino; Swampert; Dragonite
Mewtwo,3,Audino; Typhlosion; Mewtwo
Mega Mewtwo X,3,Audino; Urshifu Single Strike Style; Mega Mewtwo X
Mega Mewtwo Y,4,Audino; Palafin Hero Form; Zeraora; Mega Mewtwo Y
Mew,5,Audino; Totodile; Cubone; Pikachu; Mew
Chikorita,3,Audino; Totodile; Chikorita
Bayleef,3,Audino; Wobbuffet; Bayleef
Meganium,4,Audino; Typhlosion; Raikou; Meganium
Cyndaquil,5,Audino; Totodile; Cleffa; Unown; Cyndaquil
Quilava,3,Audino; Totodile; Quilava
Typhlosion,2,Audino; Typhlosion
Hisuian Typhlosion,4,Audino; Urshifu Single Strike Style; Mr. Rime; Hisuian Typhlosion
Totodile,2,Audino; Totodile
Croconaw,3,Audino; Ninetales; Croconaw
Feraligatr,4,Audino; Typhlosion; Raikou; Feraligatr
Sentret,3,Audino; Skitty; Sentret
Furret,4,Audino; Stantler; Blissey; Furret
Hoothoot,3,Audino; Taillow; Hoothoot
Noctowl,3,Audino; Pidgeot; Noctowl
Ledyba,4,Audino; Wingull; Delibird; Ledyba
Ledian,3,Audino; Swampert; Ledian
Spinarak,4,Audino; Wingull; Oddish; Spinarak
Ariados,3,Audino; Piloswine; Ariados
Crobat,4,Audino; Swampert; Golbat; Crobat
Chinchou,3,Audino; Wingull; Chinchou
Lanturn,3,Audino; Vileplume; Lanturn
Pichu,4,Audino; Totodile; Cleffa; Pichu
Cleffa,3,Audino; Totodile; Cleffa
Igglybuff,3,Audino; Taillow; Igglybuff
Togepi,4,Audino; Totodile; Cleffa; Togepi
Togetic,3,Audino; Wingull; Togetic
Natu,5,Audino; Wingull; Murkrow; Hoppip; Natu
Xatu,3,Audino; Vileplume; Xatu
Mareep,3,Audino; Totodile; Mareep
Flaaffy,4,Audino; Totodile; Quilava; Flaaffy
Ampharos,4,Audino; Typhlosion; Hitmontop; Ampharos
Mega Ampharos,5,Audino; Urshifu Single Strike Style; Mega Latias; Noivern; Mega Ampharos
Bellossom,5,Audino; Totodile; Cleffa; Unown; Bellossom
Marill,3,Audino; Wingull; Marill
Azumarill,3,Audino; Wingull; Azumarill
Sudowoodo,4,Audino; Typhlosion; Hitmontop; Sudowoodo
Politoed,4,Audino; Shelgon; Seel; Politoed
Hoppip,4,Audino; Wingull; Murkrow; Hoppip
Skiploom,4,Audino; Wingull; Togetic; Skiploom
Jumpluff,4,Audino; Wingull; Zubat; Jumpluff
Aipom,3,Audino; Skitty; Aipom
Sunkern,5,Audino; Totodile; Cleffa; Pichu; Sunkern
Sunflora,4,Audino; Totodile; Chikorita; Sunflora
Yanma,4,Audino; Swampert; Ledian; Yanma
Wooper,4,Audino; Wingull; Marill; Wooper
Quagsire,3,Audino; Swampert; Quagsire
Espeon,4,Audino; Totodile; Quilava; Espeon
Umbreon,4,Audino; Totodile; Quilava; Umbreon
Murkrow,3,Audino; Wingull; Murkrow
Slowking,4,Audino; Swampert; Slowbro; Slowking
Galarian Slowking,5,Audino; Urshifu Single Strike Style; Mr. Rime; Galarian Slowbro; Galarian Slowking
Misdreavus,4,Audino; Totodile; Chikorita; Misdreavus
Unown,4,Audino; Totodile; Cleffa; Unown
Wobbuffet,2,Audino; Wobbuffet
Girafarig,3,Audino; Pidgeot; Girafarig
Pineco,4,Audino; Totodile; Mareep; Pineco
Forretress,3,Audino; Swampert; Forretress
Dunsparce,2,Audino; Dunsparce
Gligar,3,Audino; Piloswine; Gligar
Steelix,3,Audino; Swampert; Steelix
Mega Steelix,4,Audino; Urshifu Single Strike Style; Solgaleo; Mega Steelix
Snubbull,4,Audino; Totodile; Mareep; Snubbull
Granbull,5,Audino; Typhlosion; Hitmontop; Ampharos; Granbull
Qwilfish,4,Audino; Wingull; Marill; Qwilfish
Hisuian Qwilfish,4,Audino; Phantump; Oricorio Baile Style; Hisuian Qwilfish
Scizor,4,Audino; Swampert; Dragonite; Scizor
Mega Scizor,4,Audino; Urshifu Single Strike Style; Solgaleo; Mega Scizor
Shuckle,4,Audino; Wingull; Houndour; Shuckle
Heracross,4,Audino; Swampert; Scyther; Heracross
Mega Heracross,3,Audino; Urshifu Single Strike Style; Mega Heracross
Sneasel,4,Audino; Wingull; Beedrill; Sneasel
Hisuian Sneasel,4,Audino; Phantump; Cramorant; Hisuian Sneasel
Teddiursa,3,Audino; Skitty; Teddiursa
Ursaring,3,Audino; Stantler; Ursaring
Slugma,4,Audino; Mightyena; Dugtrio; Slugma
Magcargo,2,Audino; Magcargo
Swinub,4,Audino; Wingull; Oddish; Swinub
Piloswine,2,Audino; Piloswine
Corsola,3,Audino; Wingull; Corsola
Galarian Corsola,5,Audino; Galarian Meowth; Eldegoss; Cursola; Galarian Corsola
Remoraid,3,Audino; Totodile; Remoraid
Octillery,3,Audino; Totodile; Octillery
Delibird,3,Audino; Wingull; Delibird
Mantine,4,Audino; Swampert; Lapras; Mantine
Skarmory,4,Audino; Swampert; Golbat; Skarmory
Houndour,3,Audino; Wingull; Houndour
Houndoom,4,Audino; Swampert; Ledian; Houndoom
Mega Houndoom,3,Audino; Urshifu Single Strike Style; Mega Houndoom
Kingdra,4,Audino; Swampert; Lapras; Kingdra
Phanpy,4,Audino; Mightyena; Dugtrio; Phanpy
Donphan,3,Audino; Shelgon; Donphan
Porygon2,3,Audino; Loudred; Porygon2
Stantler,2,Audino; Stantler
Smeargle,3,Audino; Stantler; Smeargle
Tyrogue,4,Audino; Totodile; Quilava; Tyrogue
Hitmontop,3,Audino; Typhlosion; Hitmontop
Smoochum,5,Audino; Wingull; Oddish; Swinub; Smoochum
Elekid,3,Audino; Totodile; Elekid
Magby,4,Audino; Totodile; Quilava; Magby
Miltank,3,Audino; Stantler; Miltank
Blissey,3,Audino; Stantler; Blissey
Raikou,3,Audino; Typhlosion; Raikou
Entei,3,Audino; Typhlosion; Entei
Suicune,4,Audino; Typhlosion; Raikou; Suicune
Larvitar,3,Audino; Magcargo; Larvitar
Pupitar,3,Audino; Swampert; Pupitar
Tyranitar,5,Audino; Swampert; Dragonite; Scizor; Tyranitar
Mega Tyranitar,4,Audino; Urshifu Single Strike Style; Mega Gyarados; Mega Tyranitar
Lugia,4,Audino; Swampert; Dragonite; Lugia
Ho-Oh,4,Audino; Swampert; Dragonite; Ho-Oh
Celebi,3,Audino; Wingull; Celebi
Treecko,4,Audino; Totodile; Cherubi; Treecko
Grovyle,4,Audino; Totodile; Volbeat; Grovyle
Sceptile,3,Audino; Typhlosion; Sceptile
Mega Sceptile,3,Audino; Urshifu Single Strike Style; Mega Sceptile
Torchic,4,Audino; Totodile; Cherubi; Torchic
Combusken,5,Audino; Wingull; Lileep; Kirlia; Combusken
Blaziken,4,Audino; Swampert; Latios; Blaziken
Mega Blaziken,3,Audino; Urshifu Single Strike Style; Mega Blaziken
Mudkip,4,Audino; Totodile; Piplup; Mudkip
Marshtomp,4,Audino; Wingull; Whiscash; Marshtomp
Swampert,2,Audino; Swampert
Mega Swampert,4,Audino; Urshifu Single Strike Style; Mega Sceptile; Mega Swampert
Poochyena,4,Audino; Totodile; Gulpin; Poochyena
Mightyena,2,Audino; Mightyena
Zigzagoon,3,Audino; Skitty; Zigzagoon
Galarian Zigzagoon,3,Audino; Dolliv; Galarian Zigzagoon
Linoone,3,Audino; Loudred; Linoone
Galarian Linoone,2,Audino; Galarian Linoone
Wurmple,4,Audino; Totodile; Cherubi; Wurmple
Silcoon,4,Audino; Totodile; Electrike; Silcoon
Beautifly,3,Audino; Wingull; Beautifly
Cascoon,4,Audino; Totodile; Volbeat; Cascoon
Dustox,4,Audino; Swampert; Breloom; Dustox
Lotad,4,Audino; Wingull; Barboach; Lotad
Lombre,3,Audino; Swampert; Lombre
Ludicolo,3,Audino; Swampert; Ludicolo
Seedot,5,Audino; Totodile; Cherubi; Treecko; Seedot
Nuzleaf,4,Audino; Wingull; Lileep; Nuzleaf
Shiftry,4,Audino; Swampert; Breloom; Shiftry
Taillow,2,Audino; Taillow
Swellow,3,Audino; Taillow; Swellow
Wingull,2,Audino; Wingull
Pelipper,4,Audino; Vileplume; Lanturn; Pelipper
Ralts,4,Audino; Wingull; Roselia; Ralts
Kirlia,4,Audino; Wingull; Lileep; Kirlia
Gardevoir,4,Audino; Swampert; Latios; Gardevoir
Mega Gardevoir,4,Audino; Urshifu Single Strike Style; Mega Latias; Mega Gardevoir
Surskit,3,Audino; Wingull; Surskit
Masquerain,3,Audino; Wingull; Masquerain
Shroomish,4,Audino; Totodile; Cherubi; Shroomish
Breloom,3,Audino; Swampert; Breloom
Slakoth,3,Audino; Skitty; Slakoth
Vigoroth,3,Audino; Stantler; Vigoroth
Slaking,4,Audino; Stantler; Lickilicky; Slaking
Nincada,5,Audino; Wingull; Roselia; Ralts; Nincada
Ninjask,4,Audino; Wingull; Beautifly; Ninjask
Shedinja,3,Audino; Wingull; Shedinja
Whismur,3,Audino; Skitty; Whismur
Loudred,2,Audino; Loudred
Exploud,4,Audino; Stantler; Lickilicky; Exploud
Makuhita,3,Audino; Mightyena; Makuhita
Hariyama,5,Audino; Typhlosion; Registeel; Kyogre; Hariyama
Azurill,3,Audino; Taillow; Azurill
Nosepass,4,Audino; Mightyena; Makuhita; Nosepass
Skitty,2,Audino; Skitty
Delcatty,3,Audino; Chansey; Delcatty
Sableye,3,Audino; Wingull; Sableye
Mega Sableye,3,Audino; Alolan Dugtrio; Mega Sableye
Mawile,4,Audino; Wingull; Meditite; Mawile
Mega Mawile,5,Audino; Phantump; Fletchinder; Tyrunt; Mega Mawile
Aron,3,Audino; Magcargo; Aron
Lairon,3,Audino; Magcargo; Lairon
Aggron,3,Audino; Swampert; Aggron
Mega Aggron,4,Audino; Palafin Hero Form; Mega Glalie; Mega Aggron
Meditite,3,Audino; Wingull; Meditite
Medicham,4,Audino; Swampert; Breloom; Medicham
Mega Medicham,3,Audino; Urshifu Single Strike Style; Mega Medicham
Electrike,3,Audino; Totodile; Electrike
Manectric,4,Audino; Typhlosion; Luxray; Manectric
Mega Manectric,3,Audino; Palafin Hero Form; Mega Manectric
Plusle,4,Audino; Totodile; Cherubi; Plusle
Minun,5,Audino; Totodile; Cherubi; Plusle; Minun
Volbeat,3,Audino; Totodile; Volbeat
Illumise,4,Audino; Totodile; Electrike; Illumise
Roselia,3,Audino; Wingull; Roselia
Gulpin,3,Audino; Totodile; Gulpin
Swalot,3,Audino; Typhlosion; Swalot
Carvanha,4,Audino; Wingull; Whiscash; Carvanha
Sharpedo,3,Audino; Swampert; Sharpedo
Mega Sharpedo,4,Audino; Urshifu Single Strike Style; Mega Gyarados; Mega Sharpedo
Wailmer,4,Audino; Typhlosion; Registeel; Wailmer
Wailord,5,Audino; Typhlosion; Registeel; Kyogre; Wailord
Numel,4,Audino; Wingull; Lileep; Numel
Camerupt,3,Audino; Swampert; Camerupt
Mega Camerupt,4,Audino; Urshifu Single Strike Style; Solgaleo; Mega Camerupt
Torkoal,4,Audino; Mightyena; Clamperl; Torkoal
Spoink,4,Audino; Totodile; Volbeat; Spoink
Grumpig,5,Audino; Mightyena; Clamperl; Torkoal; Grumpig
Spinda,2,Audino; Spinda
Trapinch,4,Audino; Totodile; Volbeat; Trapinch
Vibrava,3,Audino; Altaria; Vibrava
Flygon,3,Audino; Swampert; Flygon
Cacnea,4,Audino; Mightyena; Clamperl; Cacnea
Cacturne,5,Audino; Swampert; Breloom; Shiftry; Cacturne
Swablu,3,Audino; Taillow; Swablu
Altaria,2,Audino; Altaria
Mega Altaria,3,Audino; Tapu Lele; Mega Altaria
Zangoose,3,Audino; Stantler; Zangoose
Seviper,3,Audino; Typhlosion; Seviper
Lunatone,3,Audino; Magcargo; Lunatone
Solrock,3,Audino; Swampert; Solrock
Barboach,3,Audino; Wingull; Barboach
Whiscash,3,Audino; Wingull; Whiscash
Corphish,3,Audino; Totodile; Corphish
Crawdaunt,3,Audino; Piloswine; Crawdaunt
Baltoy,4,Audino; Wingull; Sableye; Baltoy
Claydol,3,Audino; Swampert; Claydol
Lileep,3,Audino; Wingull; Lileep
Cradily,3,Audino; Swampert; Cradily
Anorith,4,Audino; Wingull; Lileep; Anorith
Armaldo,4,Audino; Swampert; Cradily; Armaldo
Feebas,4,Audino; Totodile; Luvdisc; Feebas
Milotic,5,Audino; Typhlosion; Registeel; Wailmer; Milotic
Castform,3,Audino; Skitty; Castform
Castform Sunny Form,4,Audino; Totodile; Cherubi; Castform Sunny Form
Castform Rainy Form,4,Audino; Totodile; Piplup; Castform Rainy Form
Castform Snowy Form,5,Audino; Totodile; Cherubi; Castform Sunny Form; Castform Snowy Form
Kecleon,4,Audino; Skitty; Slakoth; Kecleon
Shuppet,3,Audino; Totodile; Shuppet
Banette,3,Audino; Ninetales; Banette
Mega Banette,2,Audino; Mega Banette
Duskull,4,Audino; Totodile; Volbeat; Duskull
Dusclops,3,Audino; Wobbuffet; Dusclops
Tropius,4,Audino; Swampert; Aggron; Tropius
Chimecho,4,Audino; Totodile; Shuppet; Chimecho
Absol,4,Audino; Typhlosion; Luxray; Absol
Mega Absol,5,Audino; Palafin Hero Form; Zeraora; Mega Alakazam; Mega Absol
Wynaut,5,Audino; Totodile; Electrike; Silcoon; Wynaut
Snorunt,5,Audino; Totodile; Volbeat; Trapinch; Snorunt
Glalie,4,Audino; Typhlosion; Rampardos; Glalie
Mega Glalie,3,Audino; Palafin Hero Form; Mega Glalie
Spheal,3,Audino; Magcargo; Spheal
Sealeo,3,Audino; Piloswine; Sealeo
Walrein,3,Audino; Swampert; Walrein
Clamperl,3,Audino; Mightyena; Clamperl
Huntail,3,Audino; Wobbuffet; Huntail
Gorebyss,4,Audino; Wobbuffet; Huntail; Gorebyss
Relicanth,4,Audino; Wingull; Whiscash; Relicanth
Luvdisc,3,Audino; Totodile; Luvdisc
Bagon,4,Audino; Mightyena; Clamperl; Bagon
Shelgon,2,Audino; Shelgon
Salamence,3,Audino; Swampert; Salamence
Mega Salamence,4,Audino; Urshifu Single Strike Style; Volcanion; Mega Salamence
Beldum,4,Audino; Magcargo; Bronzor; Beldum
Metang,4,Audino; Swampert; Solrock; Metang
Metagross,4,Audino; Swampert; Aggron; Metagross
Mega Metagross,4,Audino; Urshifu Single Strike Style; Solgaleo; Mega Metagross
Regirock,4,Audino; Typhlosion; Swalot; Regirock
Regice,4,Audino; Typhlosion; Registeel; Regice
Registeel,3,Audino; Typhlosion; Registeel
Latias,4,Audino; Swampert; Breloom; Latias
Mega Latias,3,Audino; Urshifu Single Strike Style; Mega Latias
Latios,3,Audino; Swampert; Latios
Mega Latios,3,Audino; Urshifu Single Strike Style; Mega Latios
Kyogre,4,Audino; Typhlosion; Registeel; Kyogre
Primal Kyogre,3,Audino; Palafin Hero Form; Primal Kyogre
Groudon,5,Audino; Typhlosion; Registeel; Kyogre; Groudon
Primal Groudon,5,Audino; Urshifu Single Strike Style; Solgaleo; Zygarde 50% Forme; Primal Groudon
Rayquaza,4,Audino; Swampert; Aggron; Rayquaza
Mega Rayquaza,5,Audino; Urshifu Single Strike Style; Solgaleo; Zygarde 50% Forme; Mega Rayquaza
Jirachi,4,Audino; Wingull; Roselia; Jirachi
Deoxys,4,Audino; Typhlosion; Sceptile; Deoxys
Turtwig,4,Audino; Totodile; Gulpin; Turtwig
Grotle,4,Audino; Shelgon; Floatzel; Grotle
Torterra,3,Audino; Swampert; Torterra
Chimchar,4,Audino; Totodile; Cherubi; Chimchar
Monferno,4,Audino; Wingull; Croagunk; Monferno
Infernape,4,Audino; Swampert; Toxicroak; Infernape
Piplup,3,Audino; Totodile; Piplup
Prinplup,3,Audino; Totodile; Prinplup
Empoleon,3,Audino; Swampert; Empoleon
Starly,3,Audino; Taillow; Starly
Staravia,3,Audino; Taillow; Staravia
Staraptor,2,Audino; Staraptor
Bidoof,3,Audino; Skitty; Bidoof
Bibarel,2,Audino; Bibarel
Kricketot,5,Audino; Totodile; Cherubi; Mesprit; Kricketot
Kricketune,4,Audino; Totodile; Volbeat; Kricketune
Shinx,3,Audino; Totodile; Shinx
Luxio,5,Audino; Totodile; Volbeat; Glaceon; Luxio
Luxray,3,Audino; Typhlosion; Luxray
Budew,4,Audino; Wingull; Mow Rotom; Budew
Roserade,4,Audino; Wingull; Croagunk; Roserade
Cranidos,3,Audino; Mightyena; Cranidos
Rampardos,3,Audino; Typhlosion; Rampardos
Shieldon,3,Audino; Magcargo; Shieldon
Bastiodon,4,Audino; Swampert; Bronzong; Bastiodon
Burmy,4,Audino; Totodile; Cherubi; Burmy
Wormadam Plant Cloak,4,Audino; Wingull; Mow Rotom; Wormadam Plant Cloak
Wormadam Sandy Cloak,4,Audino; Wingull; Mow Rotom; Wormadam Sandy Cloak
Wormadam Trash Cloak,5,Audino; Wingull; Mow Rotom; Wormadam Sandy Cloak; Wormadam Trash Cloak
Mothim,3,Audino; Wingull; Mothim
Combee,4,Audino; Wingull; Drifloon; Combee
Vespiquen,4,Audino; Swampert; Toxicroak; Vespiquen
Pachirisu,4,Audino; Totodile; Cherubi; Pachirisu
Buizel,4,Audino; Totodile; Prinplup; Buizel
Floatzel,3,Audino; Shelgon; Floatzel
Cherubi,3,Audino; Totodile; Cherubi
Cherrim,4,Audino; Totodile; Cherubi; Cherrim
Shellos,4,Audino; Totodile; Piplup; Shellos
Gastrodon,3,Audino; Wingull; Gastrodon
Ambipom,3,Audino; Dunsparce; Ambipom
Drifloon,3,Audino; Wingull; Drifloon
Drifblim,3,Audino; Vileplume; Drifblim
Buneary,3,Audino; Skitty; Buneary
Lopunny,4,Audino; Stantler; Zangoose; Lopunny
Mega Lopunny,2,Audino; Mega Lopunny
Mismagius,3,Audino; Totodile; Mismagius
Honchkrow,4,Audino; Wingull; Mothim; Honchkrow
Glameow,4,Audino; Skitty; Buneary; Glameow
Purugly,3,Audino; Loudred; Purugly
Chingling,5,Audino; Totodile; Cherubi; Mesprit; Chingling
Stunky,3,Audino; Wingull; Stunky
Skuntank,4,Audino; Magcargo; Snover; Skuntank
Bronzor,3,Audino; Magcargo; Bronzor
Bronzong,3,Audino; Swampert; Bronzong
Bonsly,4,Audino; Totodile; Gulpin; Bonsly
Mime Jr.,3,Audino; Wingull; Mime Jr.
Happiny,3,Audino; Skitty; Happiny
Chatot,3,Audino; Taillow; Chatot
Spiritomb,3,Audino; Magcargo; Spiritomb
Gible,4,Audino; Wingull; Croagunk; Gible
Gabite,3,Audino; Swampert; Gabite
Garchomp,4,Audino; Swampert; Torterra; Garchomp
Mega Garchomp,4,Audino; Urshifu Single Strike Style; Mega Sceptile; Mega Garchomp
Munchlax,3,Audino; Loudred; Munchlax
Riolu,4,Audino; Totodile; Volbeat; Riolu
Lucario,4,Audino; Swampert; Toxicroak; Lucario
Mega Lucario,4,Audino; Urshifu Single Strike Style; Mega Medicham; Mega Lucario
Hippopotas,3,Audino; Mightyena; Hippopotas
Hippowdon,4,Audino; Typhlosion; Registeel; Hippowdon
Skorupi,4,Audino; Wingull; Croagunk; Skorupi
Drapion,4,Audino; Swampert; Toxicroak; Drapion
Croagunk,3,Audino; Wingull; Croagunk
Toxicroak,3,Audino; Swampert; Toxicroak
Carnivine,4,Audino; Wobbuffet; Huntail; Carnivine
Finneon,4,Audino; Totodile; Piplup; Finneon
Lumineon,3,Audino; Wobbuffet; Lumineon
Mantyke,4,Audino; Magcargo; Spiritomb; Mantyke
Snover,3,Audino; Magcargo; Snover
Abomasnow,4,Audino; Swampert; Giratina Altered Forme; Abomasnow
Mega Abomasnow,4,Audino; Urshifu Single Strike Style; Solgaleo; Mega Abomasnow
Weavile,3,Audino; Piloswine; Weavile
Magnezone,4,Audino; Swampert; Bronzong; Magnezone
Lickilicky,3,Audino; Stantler; Lickilicky
Rhyperior,3,Audino; Swampert; Rhyperior
Tangrowth,4,Audino; Typhlosion; Registeel; Tangrowth
Electivire,4,Audino; Typhlosion; Registeel; Electivire
Magmortar,3,Audino; Typhlosion; Magmortar
Togekiss,3,Audino; Swampert; Togekiss
Yanmega,3,Audino; Swampert; Yanmega
Leafeon,5,Audino; Totodile; Volbeat; Glaceon; Leafeon
Glaceon,4,Audino; Totodile; Volbeat; Glaceon
Gliscor,3,Audino; Swampert; Gliscor
Mamoswine,4,Audino; Swampert; Torterra; Mamoswine
Porygon-Z,3,Audino; Loudred; Porygon-Z
Gallade,4,Audino; Swampert; Yanmega; Gallade
Mega Gallade,4,Audino; Urshifu Single Strike Style; Mega Heracross; Mega Gallade
Probopass,4,Audino; Swampert; Bronzong; Probopass
Dusknoir,5,Audino; Typhlosion; Registeel; Tangrowth; Dusknoir
Froslass,3,Audino; Vileplume; Froslass
Rotom,4,Audino; Wingull; Mow Rotom; Rotom
Heat Rotom,5,Audino; Wingull; Mow Rotom; Rotom; Heat Rotom
Wash Rotom,3,Audino; Wingull; Wash Rotom
Frost Rotom,6,Audino; Wingull; Mow Rotom; Rotom; Heat Rotom; Frost Rotom
Fan Rotom,4,Audino; Wingull; Drifloon; Fan Rotom
Mow Rotom,3,Audino; Wingull; Mow Rotom
Uxie,5,Audino; Totodile; Cherubi; Mesprit; Uxie
Mesprit,4,Audino; Totodile; Cherubi; Mesprit
Azelf,6,Audino; Totodile; Cherubi; Mesprit; Uxie; Azelf
Dialga,4,Audino; Swampert; Giratina Altered Forme; Dialga
Dialga Origin Forme,5,Audino; Urshifu Single Strike Style; Dracovish; Eternatus; Dialga Origin Forme
Palkia,4,Audino; Swampert; Empoleon; Palkia
Palkia Origin Forme,4,Audino; Urshifu Single Strike Style; Dracovish; Palkia Origin Forme
Heatran,5,Audino; Swampert; Giratina Altered Forme; Abomasnow; Heatran
Regigigas,5,Audino; Stantler; Lickilicky; Arceus; Regigigas
Giratina Altered Forme,3,Audino; Swampert; Giratina Altered Forme
Giratina Origin Forme,4,Audino; Swampert; Giratina Altered Forme; Giratina Origin Forme
Cresselia,4,Audino; Typhlosion; Rampardos; Cresselia
Phione,4,Audino; Totodile; Piplup; Phione
Manaphy,4,Audino; Totodile; Piplup; Manaphy
Darkrai,4,Audino; Typhlosion; Luxray; Darkrai
Shaymin Land Forme,4,Audino; Totodile; Cherubi; Shaymin Land Forme
Shaymin Sky Forme,4,Audino; Wingull; Drifloon; Shaymin Sky Forme
Arceus,4,Audino; Stantler; Lickilicky; Arceus
Victini,4,Audino; Vullaby; Sewaddle; Victini
Snivy,3,Audino; Pansage; Snivy
Servine,3,Audino; Pansage; Servine
Serperior,3,Audino; Zebstrika; Serperior
Tepig,6,Audino; Pansage; Gothita; Oshawott; Cubchoo; Tepig
Pignite,4,Audino; Escavalier; Chandelure; Pignite
Emboar,5,Audino; Krookodile; Kyurem; Virizion; Emboar
Oshawott,4,Audino; Pansage; Gothita; Oshawott
Dewott,3,Audino; Pansage; Dewott
Samurott,4,Audino; Zebstrika; Conkeldurr; Samurott
Hisuian Samurott,3,Audino; Urshifu Single Strike Style; Hisuian Samurott
Patrat,3,Audino; Cinccino; Patrat
Watchog,2,Audino; Watchog
Lillipup,3,Audino; Cinccino; Lillipup
Herdier,3,Audino; Cinccino; Herdier
Stoutland,2,Audino; Stoutland
Purrloin,4,Audino; Pansage; Gothita; Purrloin
Liepard,3,Audino; Vanillish; Liepard
Pansage,2,Audino; Pansage
Simisage,3,Audino; Lilligant; Simisage
Pansear,4,Audino; Pansage; Panpour; Pansear
Simisear,4,Audino; Pansage; Dewott; Simisear
Panpour,3,Audino; Pansage; Panpour
Simipour,4,Audino; Pansage; Dewott; Simipour
Munna,5,Audino; Pansage; Panpour; Axew; Munna
Musharna,3,Audino; Vanillish; Musharna
Pidove,3,Audino; Rufflet; Pidove
Tranquill,3,Audino; Rufflet; Tranquill
Unfezant,2,Audino; Unfezant
Blitzle,5,Audino; Pansage; Dewott; Accelgor; Blitzle
Zebstrika,2,Audino; Zebstrika
Roggenrola,4,Audino; Pansage; Klink; Roggenrola
Boldore,3,Audino; Klang; Boldore
Gigalith,4,Audino; Zebstrika; Garbodor; Gigalith
Woobat,3,Audino; Vullaby; Woobat
Swoobat,3,Audino; Vullaby; Swoobat
Drilbur,4,Audino; Pansage; Gothita; Drilbur
Excadrill,3,Audino; Escavalier; Excadrill
Audino,1,Audino
Mega Audino,3,Audino; Wyrdeer; Mega Audino
Timburr,5,Audino; Pansage; Panpour; Pansear; Timburr
Gurdurr,4,Audino; Zebstrika; Sawk; Gurdurr
Conkeldurr,3,Audino; Zebstrika; Conkeldurr
Tympole,4,Audino; Pansage; Gothita; Tympole
Palpitoad,4,Audino; Vullaby; Stunfisk; Palpitoad
Seismitoad,3,Audino; Krookodile; Seismitoad
Throh,4,Audino; Zebstrika; Sawk; Throh
Sawk,3,Audino; Zebstrika; Sawk
Sewaddle,3,Audino; Vullaby; Sewaddle
Swadloon,3,Audino; Vullaby; Swadloon
Leavanny,3,Audino; Swanna; Leavanny
Venipede,4,Audino; Vullaby; Sewaddle; Venipede
Whirlipede,5,Audino; Krookodile; Keldeo; Darmanitan Zen Mode; Whirlipede
Scolipede,5,Audino; Krookodile; Kyurem; Virizion; Scolipede
Cottonee,4,Audino; Vullaby; Sewaddle; Cottonee
Whimsicott,3,Audino; Vullaby; Whimsicott
Petilil,3,Audino; Pansage; Petilil
Lilligant,2,Audino; Lilligant
Hisuian Lilligant,4,Audino; Tapu Lele; Mega Scovillain; Hisuian Lilligant
Basculin,4,Audino; Pansage; Dewott; Basculin
Sandile,3,Audino; Vullaby; Sandile
Krokorok,4,Audino; Escavalier; Chandelure; Krokorok
Krookodile,2,Audino; Krookodile
Darumaka,3,Audino; Klang; Darumaka
Galarian Darumaka,3,Audino; Sirfetch'd; Galarian Darumaka
Darmanitan Standard Mode,4,Audino; Zebstrika; Conkeldurr; Darmanitan Standard Mode
Darmanitan Zen Mode,4,Audino; Krookodile; Keldeo; Darmanitan Zen Mode
Galarian Darmanitan Standard Mode,4,Audino; Palafin Hero Form; Cufant; Galarian Darmanitan Standard Mode
Galarian Darmanitan Zen Mode,4,Audino; Urshifu Single Strike Style; Dracozolt; Galarian Darmanitan Zen Mode
Maractus,4,Audino; Pansage; Servine; Maractus
Dwebble,3,Audino; Vullaby; Dwebble
Crustle,3,Audino; Krookodile; Crustle
Scraggy,3,Audino; Vullaby; Scraggy
Scrafty,3,Audino; Larvesta; Scrafty
Sigilyph,3,Audino; Swanna; Sigilyph
Yamask,5,Audino; Pansage; Gothita; Tympole; Yamask
Galarian Yamask,4,Audino; Phantump; Dreepy; Galarian Yamask
Cofagrigus,4,Audino; Zebstrika; Serperior; Cofagrigus
Tirtouga,4,Audino; Vullaby; Stunfisk; Tirtouga
Carracosta,4,Audino; Krookodile; Keldeo; Carracosta
Archen,3,Audino; Vullaby; Archen
Archeops,4,Audino; Krookodile; Keldeo; Archeops
Trubbish,2,Audino; Trubbish
Garbodor,3,Audino; Zebstrika; Garbodor
Zorua,4,Audino; Pansage; Dewott; Zorua
Hisuian Zorua,3,Audino; Squawkabilly; Hisuian Zorua
Zoroark,3,Audino; Zebstrika; Zoroark
Hisuian Zoroark,3,Audino; Wyrdeer; Hisuian Zoroark
Minccino,4,Audino; Cinccino; Lillipup; Minccino
Cinccino,2,Audino; Cinccino
Gothita,3,Audino; Pansage; Gothita
Gothorita,5,Audino; Pansage; Dewott; Zorua; Gothorita
Gothitelle,4,Audino; Zebstrika; Sawk; Gothitelle
Solosis,4,Audino; Pansage; Gothita; Solosis
Duosion,3,Audino; Pansage; Duosion
Reuniclus,4,Audino; Pansage; Dewott; Reuniclus
Ducklett,3,Audino; Vullaby; Ducklett
Swanna,2,Audino; Swanna
Vanillite,4,Audino; Pansage; Gothita; Vanillite
Vanillish,2,Audino; Vanillish
Vanilluxe,4,Audino; Zebstrika; Sawk; Vanilluxe
Deerling,3,Audino; Rufflet; Deerling
Sawsbuck,2,Audino; Sawsbuck
Emolga,4,Audino; Vullaby; Woobat; Emolga
Karrablast,5,Audino; Pansage; Gothita; Oshawott; Karrablast
Escavalier,2,Audino; Escavalier
Foongus,4,Audino; Vullaby; Sewaddle; Foongus
Amoonguss,4,Audino; Vullaby; Stunfisk; Amoonguss
Frillish,4,Audino; Krookodile; Keldeo; Frillish
Jellicent,5,Audino; Krookodile; Kyurem; Virizion; Jellicent
Alomomola,4,Audino; Zebstrika; Sawk; Alomomola
Joltik,4,Audino; Vullaby; Sewaddle; Joltik
Galvantula,4,Audino; Vullaby; Stunfisk; Galvantula
Ferroseed,4,Audino; Vullaby; Stunfisk; Ferroseed
Ferrothorn,3,Audino; Escavalier; Ferrothorn
Klink,3,Audino; Pansage; Klink
Klang,2,Audino; Klang
Klinklang,3,Audino; Klang; Klinklang
Tynamo,4,Audino; Pansage; Gothita; Tynamo
Eelektrik,2,Audino; Eelektrik
Eelektross,3,Audino; Zebstrika; Eelektross
Elgyem,4,Audino; Pansage; Gothita; Elgyem
Beheeyem,4,Audino; Klang; Fraxure; Beheeyem
Litwick,4,Audino; Vullaby; Sewaddle; Litwick
Lampent,5,Audino; Vullaby; Stunfisk; Ferroseed; Lampent
Chandelure,3,Audino; Escavalier; Chandelure
Axew,4,Audino; Pansage; Panpour; Axew
Fraxure,3,Audino; Klang; Fraxure
Haxorus,4,Audino; Zebstrika; Garbodor; Haxorus
Cubchoo,5,Audino; Pansage; Gothita; Oshawott; Cubchoo
Beartic,4,Audino; Zebstrika; Garbodor; Beartic
Cryogonal,3,Audino; Vanillish; Cryogonal
Shelmet,5,Audino; Pansage; Gothita; Purrloin; Shelmet
Accelgor,4,Audino; Pansage; Dewott; Accelgor
Stunfisk,3,Audino; Vullaby; Stunfisk
Galarian Stunfisk,4,Audino; Phantump; Cramorant; Galarian Stunfisk
Mienfoo,5,Audino; Pansage; Dewott; Reuniclus; Mienfoo
Mienshao,4,Audino; Zebstrika; Sawk; Mienshao
Druddigon,4,Audino; Zebstrika; Zoroark; Druddigon
Golett,4,Audino; Escavalier; Chandelure; Golett
Golurk,3,Audino; Krookodile; Golurk
Pawniard,3,Audino; Vullaby; Pawniard
Bisharp,3,Audino; Krookodile; Bisharp
Bouffalant,3,Audino; Stoutland; Bouffalant
Rufflet,2,Audino; Rufflet
Braviary,3,Audino; Sawsbuck; Braviary
Hisuian Braviary,5,Audino; Urshifu Single Strike Style; Mr. Rime; Galarian Articuno; Hisuian Braviary
Vullaby,2,Audino; Vullaby
Mandibuzz,3,Audino; Krookodile; Mandibuzz
Heatmor,4,Audino; Zebstrika; Sawk; Heatmor
Durant,3,Audino; Escavalier; Durant
Deino,4,Audino; Vullaby; Scraggy; Deino
Zweilous,4,Audino; Krookodile; Mandibuzz; Zweilous
Hydreigon,3,Audino; Krookodile; Hydreigon
Larvesta,2,Audino; Larvesta
Volcarona,3,Audino; Krookodile; Volcarona
Cobalion,5,Audino; Krookodile; Kyurem; Virizion; Cobalion
Terrakion,5,Audino; Krookodile; Kyurem; Virizion; Terrakion
Virizion,4,Audino; Krookodile; Kyurem; Virizion
Tornadus Incarnate Forme,4,Audino; Zebstrika; Sawk; Tornadus Incarnate Forme
Tornadus Therian Forme,5,Audino; Zebstrika; Sawk; Heatmor; Tornadus Therian Forme
Thundurus Incarnate Forme,3,Audino; Krookodile; Thundurus Incarnate Forme
Thundurus Therian Forme,4,Audino; Krookodile; Volcarona; Thundurus Therian Forme
Reshiram,4,Audino; Krookodile; Kyurem; Reshiram
Zekrom,4,Audino; Krookodile; Kyurem; Zekrom
Landorus Incarnate Forme,3,Audino; Krookodile; Landorus Incarnate Forme
Landorus Therian Forme,3,Audino; Krookodile; Landorus Therian Forme
Kyurem,3,Audino; Krookodile; Kyurem
Black Kyurem,5,Audino; Krookodile; Kyurem; White Kyurem; Black Kyurem
White Kyurem,4,Audino; Krookodile; Kyurem; White Kyurem
Keldeo,3,Audino; Krookodile; Keldeo
Meloetta Aria Forme,3,Audino; Rufflet; Meloetta Aria Forme
Meloetta Pirouette Forme,4,Audino; Rufflet; Meloetta Aria Forme; Meloetta Pirouette Forme
Genesect,4,Audino; Krookodile; Thundurus Incarnate Forme; Genesect
Chespin,3,Audino; Galarian Meowth; Chespin
Quilladin,5,Audino; Galarian Meowth; Brionne; Sylveon; Quilladin
Chesnaught,4,Audino; Urshifu Single Strike Style; Mega Heracross; Chesnaught
Fennekin,4,Audino; Galarian Meowth; Chespin; Fennekin
Braixen,5,Audino; Galarian Meowth; Brionne; Aromatisse; Braixen
Delphox,4,Audino; Urshifu Single Strike Style; Mega Latias; Delphox
Froakie,4,Audino; Galarian Meowth; Pyukumuku; Froakie
Frogadier,4,Audino; Galarian Meowth; Brionne; Frogadier
Greninja,4,Audino; Urshifu Single Strike Style; Ash-Greninja; Greninja
Ash-Greninja,3,Audino; Urshifu Single Strike Style; Ash-Greninja
Bunnelby,3,Audino; Yungoos; Bunnelby
Diggersby,2,Audino; Diggersby
Fletchling,3,Audino; Squawkabilly; Fletchling
Fletchinder,3,Audino; Phantump; Fletchinder
Talonflame,3,Audino; Tapu Lele; Talonflame
Scatterbug,5,Audino; Galarian Meowth; Pyukumuku; Goomy; Scatterbug
Spewpa,3,Audino; Galarian Meowth; Spewpa
Vivillon,3,Audino; Tapu Lele; Vivillon
Litleo,3,Audino; Dolliv; Litleo
Pyroar,3,Audino; Mega Pyroar; Pyroar
Flabébé,5,Audino; Galarian Meowth; Pyukumuku; Spritzee; Flabébé
Floette,5,Audino; Galarian Meowth; Pyukumuku; Spritzee; Floette
Florges,2,Audino; Florges
Skiddo,2,Audino; Skiddo
Gogoat,4,Audino; Palafin Hero Form; Zeraora; Gogoat
Pancham,4,Audino; Galarian Meowth; Brionne; Pancham
Pangoro,3,Audino; Urshifu Single Strike Style; Pangoro
Furfrou,2,Audino; Furfrou
Espurr,5,Audino; Galarian Meowth; Pyukumuku; Goomy; Espurr
Meowstic,5,Audino; Galarian Meowth; Brionne; Pancham; Meowstic
Honedge,3,Audino; Phantump; Honedge
Doublade,4,Audino; Phantump; Honedge; Doublade
Aegislash,5,Audino; Urshifu Single Strike Style; Mega Latias; Trevenant; Aegislash
Spritzee,4,Audino; Galarian Meowth; Pyukumuku; Spritzee
Aromatisse,4,Audino; Galarian Meowth; Brionne; Aromatisse
Swirlix,4,Audino; Galarian Meowth; Alolan Meowth; Swirlix
Slurpuff,3,Audino; Galarian Meowth; Slurpuff
Inkay,3,Audino; Phantump; Inkay
Malamar,3,Audino; Urshifu Single Strike Style; Malamar
Binacle,2,Audino; Binacle
Barbaracle,5,Audino; Urshifu Single Strike Style; Mega Latias; Trevenant; Barbaracle
Skrelp,4,Audino; Phantump; Fletchinder; Skrelp
Dragalge,4,Audino; Urshifu Single Strike Style; Mega Latias; Dragalge
Clauncher,4,Audino; Galarian Meowth; Brionne; Clauncher
Clawitzer,3,Audino; Palafin Hero Form; Clawitzer
Helioptile,3,Audino; Dolliv; Helioptile
Heliolisk,4,Audino; Dolliv; Indeedee; Heliolisk
Tyrunt,4,Audino; Phantump; Fletchinder; Tyrunt
Tyrantrum,5,Audino; Urshifu Single Strike Style; Solgaleo; Mega Camerupt; Tyrantrum
Amaura,3,Audino; Tapu Lele; Amaura
Aurorus,5,Audino; Urshifu Single Strike Style; Solgaleo; Mega Abomasnow; Aurorus
Sylveon,4,Audino; Galarian Meowth; Brionne; Sylveon
Hawlucha,4,Audino; Phantump; Fletchinder; Hawlucha
Dedenne,4,Audino; Phantump; Klefki; Dedenne
Carbink,4,Audino; Phantump; Klefki; Carbink
Goomy,4,Audino; Galarian Meowth; Pyukumuku; Goomy
Sliggoo,4,Audino; Galarian Meowth; Brionne; Sliggoo
Hisuian Sliggoo,3,Audino; Alolan Dugtrio; Hisuian Sliggoo
Goodra,4,Audino; Palafin Hero Form; Mega Glalie; Goodra
Hisuian Goodra,4,Audino; Urshifu Single Strike Style; Dracozolt; Hisuian Goodra
Klefki,3,Audino; Phantump; Klefki
Phantump,2,Audino; Phantump
Trevenant,4,Audino; Urshifu Single Strike Style; Mega Latias; Trevenant
Pumpkaboo,3,Audino; Phantump; Pumpkaboo
Gourgeist,3,Audino; Phantump; Gourgeist
Bergmite,3,Audino; Sirfetch'd; Bergmite
Avalugg,4,Audino; Palafin Hero Form; Mega Glalie; Avalugg
Hisuian Avalugg,4,Audino; Urshifu Single Strike Style; Dracozolt; Hisuian Avalugg
Noibat,4,Audino; Phantump; Fletchinder; Noibat
Noivern,4,Audino; Urshifu Single Strike Style; Mega Latias; Noivern
Xerneas,4,Audino; Palafin Hero Form; Mega Glalie; Xerneas
Yveltal,3,Audino; Urshifu Single Strike Style; Yveltal
Zygarde 50% Forme,4,Audino; Urshifu Single Strike Style; Solgaleo; Zygarde 50% Forme
Zygarde 10% Forme,4,Audino; Urshifu Single Strike Style; Mega Latias; Zygarde 10% Forme
Zygarde Complete Forme,5,Audino; Urshifu Single Strike Style; Solgaleo; Alolan Exeggutor; Zygarde Complete Forme
Diancie,4,Audino; Phantump; Fletchinder; Diancie
Mega Diancie,3,Audino; Alolan Ninetales; Mega Diancie
Hoopa Confined,3,Audino; Phantump; Hoopa Confined
Hoopa Unbound,4,Audino; Urshifu Single Strike Style; Mega Gyarados; Hoopa Unbound
Volcanion,3,Audino; Urshifu Single Strike Style; Volcanion
Rowlet,4,Audino; Phantump; Flapple; Rowlet
Dartrix,3,Audino; Phantump; Dartrix
Decidueye,4,Audino; Urshifu Single Strike Style; Mega Latias; Decidueye
Hisuian Decidueye,3,Audino; Urshifu Single Strike Style; Hisuian Decidueye
Litten,4,Audino; Galarian Meowth; Alolan Meowth; Litten
Torracat,5,Audino; Galarian Meowth; Brionne; Lycanroc Midday Form; Torracat
Incineroar,4,Audino; Urshifu Single Strike Style; Ash-Greninja; Incineroar
Popplio,3,Audino; Galarian Meowth; Popplio
Brionne,3,Audino; Galarian Meowth; Brionne
Primarina,4,Audino; Urshifu Single Strike Style; Mega Latias; Primarina
Pikipek,4,Audino; Squawkabilly; Fletchling; Pikipek
Trumbeak,3,Audino; Squawkabilly; Trumbeak
Toucannon,2,Audino; Toucannon
Yungoos,2,Audino; Yungoos
Gumshoos,3,Audino; Yungoos; Gumshoos
Grubbin,5,Audino; Galarian Meowth; Alolan Meowth; Litten; Grubbin
Charjabug,4,Audino; Phantump; Cramorant; Charjabug
Vikavolt,5,Audino; Urshifu Single Strike Style; Mega Latias; Decidueye; Vikavolt
Crabrawler,4,Audino; Galarian Meowth; Slurpuff; Crabrawler
Crabominable,3,Audino; Urshifu Single Strike Style; Crabominable
Oricorio Baile Style,3,Audino; Phantump; Oricorio Baile Style
Oricorio Pom-Pom Style,4,Audino; Phantump; Oricorio Baile Style; Oricorio Pom-Pom Style
Oricorio Pa'u Style,5,Audino; Phantump; Oricorio Baile Style; Oricorio Pom-Pom Style; Oricorio Pa'u Style
Oricorio Sensu Style,3,Audino; Phantump; Oricorio Sensu Style
Cutiefly,4,Audino; Phantump; Snom; Cutiefly
Ribombee,5,Audino; Phantump; Snom; Cutiefly; Ribombee
Rockruff,4,Audino; Galarian Meowth; Brionne; Rockruff
Lycanroc Midday Form,4,Audino; Galarian Meowth; Brionne; Lycanroc Midday Form
Lycanroc Midnight Form,3,Audino; Florges; Lycanroc Midnight Form
Lycanroc Dusk Form,5,Audino; Galarian Meowth; Brionne; Lycanroc Midday Form; Lycanroc Dusk Form
Wishiwashi Solo Form,4,Audino; Galarian Meowth; Pyukumuku; Wishiwashi Solo Form
Wishiwashi School Form,3,Audino; Palafin Hero Form; Wishiwashi School Form
Mareanie,4,Audino; Phantump; Toxel; Mareanie
Toxapex,5,Audino; Phantump; Cramorant; Wimpod; Toxapex
Mudbray,4,Audino; Sirfetch'd; Bergmite; Mudbray
Mudsdale,5,Audino; Palafin Hero Form; Mega Glalie; Melmetal; Mudsdale
Dewpider,4,Audino; Phantump; Snom; Dewpider
Araquanid,4,Audino; Urshifu Single Strike Style; Mega Latias; Araquanid
Fomantis,5,Audino; Galarian Meowth; Pyukumuku; Bounsweet; Fomantis
Lurantis,5,Audino; Galarian Meowth; Brionne; Lycanroc Midday Form; Lurantis
Morelull,4,Audino; Phantump; Flapple; Morelull
Shiinotic,4,Audino; Phantump; Dartrix; Shiinotic
Salandit,4,Audino; Phantump; Oricorio Baile Style; Salandit
Salazzle,3,Audino; Tapu Lele; Salazzle
Stufful,3,Audino; Squawkabilly; Stufful
Bewear,3,Audino; Wyrdeer; Bewear
Bounsweet,4,Audino; Galarian Meowth; Pyukumuku; Bounsweet
Steenee,4,Audino; Galarian Meowth; Brionne; Steenee
Tsareena,4,Audino; Mega Banette; Thievul; Tsareena
Comfey,4,Audino; Galarian Meowth; Pyukumuku; Comfey
Oranguru,3,Audino; Wyrdeer; Oranguru
Passimian,3,Audino; Palafin Hero Form; Passimian
Wimpod,4,Audino; Phantump; Cramorant; Wimpod
Golisopod,4,Audino; Urshifu Single Strike Style; Solgaleo; Golisopod
Sandygast,3,Audino; Alolan Dugtrio; Sandygast
Palossand,4,Audino; Urshifu Single Strike Style; Volcanion; Palossand
Pyukumuku,3,Audino; Galarian Meowth; Pyukumuku
Type: Null,4,Audino; Terapagos Stellar Form; Silvally; Type: Null
Silvally,3,Audino; Terapagos Stellar Form; Silvally
Minior Meteor Form,3,Audino; Alolan Dugtrio; Minior Meteor Form
Minior Core Form,4,Audino; Phantump; Snom; Minior Core Form
Komala,3,Audino; Yungoos; Komala
Turtonator,5,Audino; Urshifu Single Strike Style; Solgaleo; Golisopod; Turtonator
Togedemaru,5,Audino; Phantump; Snom; Minior Core Form; Togedemaru
Mimikyu,3,Audino; Phantump; Mimikyu
Bruxish,4,Audino; Phantump; Cramorant; Bruxish
Drampa,4,Audino; Wyrdeer; Bewear; Drampa
Dhelmise,5,Audino; Urshifu Single Strike Style; Solgaleo; Naganadel; Dhelmise
Jangmo-o,4,Audino; Galarian Meowth; Brionne; Jangmo-o
Hakamo-o,4,Audino; Urshifu Single Strike Style; Mega Heracross; Hakamo-o
Kommo-o,4,Audino; Urshifu Single Strike Style; Mega Heracross; Kommo-o
Tapu Koko,4,Audino; Tapu Lele; Tapu Fini; Tapu Koko
Tapu Lele,2,Audino; Tapu Lele
Tapu Bulu,4,Audino; Urshifu Single Strike Style; Mega Sceptile; Tapu Bulu
Tapu Fini,3,Audino; Tapu Lele; Tapu Fini
Cosmog,5,Audino; Galarian Meowth; Pyukumuku; Comfey; Cosmog
Cosmoem,3,Audino; Sirfetch'd; Cosmoem
Solgaleo,3,Audino; Urshifu Single Strike Style; Solgaleo
Lunala,4,Audino; Urshifu Single Strike Style; Solgaleo; Lunala
Nihilego,5,Audino; Urshifu Single Strike Style; Mega Latias; Alolan Sandslash; Nihilego
Buzzwole,4,Audino; Urshifu Single Strike Style; Mega Mewtwo X; Buzzwole
Pheromosa,3,Audino; Tapu Lele; Pheromosa
Xurkitree,5,Audino; Palafin Hero Form; Mega Glalie; Zamazenta Hero of Many Battles; Xurkitree
Celesteela,4,Audino; Urshifu Single Strike Style; Solgaleo; Celesteela
Kartana,4,Audino; Phantump; Flapple; Kartana
Guzzlord,4,Audino; Urshifu Single Strike Style; Yveltal; Guzzlord
Necrozma,5,Audino; Palafin Hero Form; Mega Glalie; Zamazenta Hero of Many Battles; Necrozma
Dusk Mane Necrozma,4,Audino; Urshifu Single Strike Style; Solgaleo; Dusk Mane Necrozma
Dawn Wings Necrozma,4,Audino; Urshifu Single Strike Style; Solgaleo; Dawn Wings Necrozma
Ultra Necrozma,4,Audino; Urshifu Single Strike Style; Solgaleo; Ultra Necrozma
Magearna,3,Audino; Alolan Dugtrio; Magearna
Marshadow,3,Audino; Phantump; Marshadow
Poipole,4,Audino; Galarian Meowth; Slurpuff; Poipole
Naganadel,4,Audino; Urshifu Single Strike Style; Solgaleo; Naganadel
Stakataka,4,Audino; Urshifu Single Strike Style; Solgaleo; Stakataka
Blacephalon,3,Audino; Tapu Lele; Blacephalon
Zeraora,3,Audino; Palafin Hero Form; Zeraora
Meltan,3,Audino; Galarian Meowth; Meltan
Melmetal,4,Audino; Palafin Hero Form; Mega Glalie; Melmetal
Grookey,5,Audino; Galarian Meowth; Pincurchin; Scorbunny; Grookey
Thwackey,4,Audino; Galarian Meowth; Drizzile; Thwackey
Rillaboom,4,Audino; Palafin Hero Form; Passimian; Rillaboom
Scorbunny,4,Audino; Galarian Meowth; Pincurchin; Scorbunny
Raboot,5,Audino; Galarian Meowth; Drizzile; Nickit; Raboot
Cinderace,5,Audino; Palafin Hero Form; Zeraora; Galarian Slowpoke; Cinderace
Sobble,5,Audino; Galarian Meowth; Pincurchin; Scorbunny; Sobble
Drizzile,3,Audino; Galarian Meowth; Drizzile
Inteleon,4,Audino; Palafin Hero Form; Wishiwashi School Form; Inteleon
Skwovet,4,Audino; Yungoos; Maushold Family of Three; Skwovet
Greedent,3,Audino; Yungoos; Greedent
Rookidee,4,Audino; Galarian Meowth; Pincurchin; Rookidee
Corvisquire,5,Audino; Galarian Meowth; Drizzile; Galarian Ponyta; Corvisquire
Corviknight,4,Audino; Urshifu Single Strike Style; Calyrex Shadow Rider; Corviknight
Blipbug,3,Audino; Galarian Meowth; Blipbug
Dottler,4,Audino; Phantump; Toxel; Dottler
Orbeetle,3,Audino; Alolan Dugtrio; Orbeetle
Nickit,4,Audino; Galarian Meowth; Drizzile; Nickit
Thievul,3,Audino; Mega Banette; Thievul
Gossifleur,3,Audino; Galarian Meowth; Gossifleur
Eldegoss,3,Audino; Galarian Meowth; Eldegoss
Wooloo,4,Audino; Yungoos; Greedent; Wooloo
Dubwool,3,Audino; Terapagos Stellar Form; Dubwool
Chewtle,4,Audino; Galarian Meowth; Rolycoly; Chewtle
Drednaw,3,Audino; Alolan Dugtrio; Drednaw
Yamper,4,Audino; Galarian Meowth; Rolycoly; Yamper
Boltund,3,Audino; Sirfetch'd; Boltund
Rolycoly,3,Audino; Galarian Meowth; Rolycoly
Carkol,2,Audino; Carkol
Coalossal,5,Audino; Urshifu Single Strike Style; Dracovish; Zacian Crowned Sword; Coalossal
Applin,4,Audino; Phantump; Flapple; Applin
Flapple,3,Audino; Phantump; Flapple
Appletun,3,Audino; Phantump; Appletun
Silicobra,3,Audino; Mega Banette; Silicobra
Sandaconda,4,Audino; Palafin Hero Form; Passimian; Sandaconda
Cramorant,3,Audino; Phantump; Cramorant
Arrokuda,4,Audino; Galarian Meowth; Eldegoss; Arrokuda
Barraskewda,3,Audino; Mega Banette; Barraskewda
Toxel,3,Audino; Phantump; Toxel
Toxtricity,5,Audino; Urshifu Single Strike Style; Mr. Rime; Enamorus Therian Forme; Toxtricity
Sizzlipede,4,Audino; Phantump; Oricorio Baile Style; Sizzlipede
Centiskorch,4,Audino; Urshifu Single Strike Style; Dracovish; Centiskorch
Clobbopus,5,Audino; Galarian Meowth; Eldegoss; Hattrem; Clobbopus
Grapploct,4,Audino; Palafin Hero Form; Zeraora; Grapploct
Sinistea,5,Audino; Galarian Meowth; Pincurchin; Milcery; Sinistea
Polteageist,5,Audino; Galarian Meowth; Pincurchin; Milcery; Polteageist
Hatenna,4,Audino; Galarian Meowth; Gossifleur; Hatenna
Hattrem,4,Audino; Galarian Meowth; Eldegoss; Hattrem
Hatterene,3,Audino; Tapu Lele; Hatterene
Impidimp,4,Audino; Phantump; Chi-Yu; Impidimp
Morgrem,4,Audino; Phantump; Cramorant; Morgrem
Grimmsnarl,3,Audino; Urshifu Single Strike Style; Grimmsnarl
Obstagoon,3,Audino; Mega Pyroar; Obstagoon
Perrserker,3,Audino; Galarian Meowth; Perrserker
Cursola,4,Audino; Galarian Meowth; Eldegoss; Cursola
Sirfetch'd,2,Audino; Sirfetch'd
Mr. Rime,3,Audino; Urshifu Single Strike Style; Mr. Rime
Runerigus,5,Audino; Urshifu Single Strike Style; Mr. Rime; Hisuian Typhlosion; Runerigus
Milcery,4,Audino; Galarian Meowth; Pincurchin; Milcery
Alcremie,4,Audino; Galarian Meowth; Pincurchin; Alcremie
Falinks,4,Audino; Palafin Hero Form; Passimian; Falinks
Pincurchin,3,Audino; Galarian Meowth; Pincurchin
Snom,3,Audino; Phantump; Snom
Frosmoth,4,Audino; Urshifu Single Strike Style; Mr. Rime; Frosmoth
Stonjourner,5,Audino; Palafin Hero Form; Mega Glalie; Melmetal; Stonjourner
Eiscue,4,Audino; Palafin Hero Form; Zeraora; Eiscue
Indeedee,3,Audino; Dolliv; Indeedee
Morpeko,4,Audino; Phantump; Snom; Morpeko
Cufant,3,Audino; Palafin Hero Form; Cufant
Copperajah,5,Audino; Palafin Hero Form; Mega Glalie; Melmetal; Copperajah
Dracozolt,3,Audino; Urshifu Single Strike Style; Dracozolt
Arctozolt,4,Audino; Urshifu Single Strike Style; Dracovish; Arctozolt
Dracovish,3,Audino; Urshifu Single Strike Style; Dracovish
Arctovish,4,Audino; Urshifu Single Strike Style; Dracovish; Arctovish
Duraludon,5,Audino; Urshifu Single Strike Style; Mr. Rime; Enamorus Therian Forme; Duraludon
Dreepy,3,Audino; Phantump; Dreepy
Drakloak,3,Audino; Tapu Lele; Drakloak
Dragapult,4,Audino; Urshifu Single Strike Style; Calyrex Shadow Rider; Dragapult
Zacian Crowned Sword,4,Audino; Urshifu Single Strike Style; Dracovish; Zacian Crowned Sword
Zacian Hero of Many Battles,5,Audino; Palafin Hero Form; Mega Glalie; Zamazenta Hero of Many Battles; Zacian Hero of Many Battles
Zamazenta Crowned Shield,3,Audino; Urshifu Single Strike Style; Zamazenta Crowned Shield
Zamazenta Hero of Many Battles,4,Audino; Palafin Hero Form; Mega Glalie; Zamazenta Hero of Many Battles
Eternatus,4,Audino; Urshifu Single Strike Style; Dracovish; Eternatus
Kubfu,4,Audino; Galarian Meowth; Drizzile; Kubfu
Urshifu Single Strike Style,2,Audino; Urshifu Single Strike Style
Urshifu Rapid Strike Style,3,Audino; Urshifu Single Strike Style; Urshifu Rapid Strike Style
Zarude,4,Audino; Urshifu Single Strike Style; Grimmsnarl; Zarude
Regieleki,4,Audino; Palafin Hero Form; Cufant; Regieleki
Regidrago,4,Audino; Palafin Hero Form; Mega Glalie; Regidrago
Glastrier,4,Audino; Palafin Hero Form; Mega Glalie; Glastrier
Spectrier,4,Audino; Palafin Hero Form; Passimian; Spectrier
Calyrex,3,Audino; Alolan Ninetales; Calyrex
Calyrex Ice Rider,5,Audino; Urshifu Single Strike Style; Dracovish; Zacian Crowned Sword; Calyrex Ice Rider
Calyrex Shadow Rider,3,Audino; Urshifu Single Strike Style; Calyrex Shadow Rider
Wyrdeer,2,Audino; Wyrdeer
Kleavor,5,Audino; Urshifu Single Strike Style; Mr. Rime; Hisuian Typhlosion; Kleavor
Ursaluna,3,Audino; Mega Pyroar; Ursaluna
Basculegion,4,Audino; Urshifu Single Strike Style; Dracovish; Basculegion
Sneasler,4,Audino; Urshifu Single Strike Style; Galarian Zapdos; Sneasler
Overqwil,4,Audino; Urshifu Single Strike Style; Galarian Moltres; Overqwil
Enamorus Incarnate Forme,5,Audino; Urshifu Single Strike Style; Mr. Rime; Enamorus Therian Forme; Enamorus Incarnate Forme
Enamorus Therian Forme,4,Audino; Urshifu Single Strike Style; Mr. Rime; Enamorus Therian Forme
Sprigatito,3,Audino; Galarian Meowth; Sprigatito
Floragato,5,Audino; Galarian Meowth; Spidops; Charcadet; Floragato
Meowscarada,4,Audino; Urshifu Single Strike Style; Mega Greninja; Meowscarada
Fuecoco,3,Audino; Galarian Meowth; Fuecoco
Crocalor,4,Audino; Galarian Meowth; Spidops; Crocalor
Skeledirge,4,Audino; Urshifu Single Strike Style; Iron Crown; Skeledirge
Quaxly,3,Audino; Galarian Meowth; Quaxly
Quaxwell,4,Audino; Mega Banette; Thievul; Quaxwell
Quaquaval,3,Audino; Urshifu Single Strike Style; Quaquaval
Lechonk,3,Audino; Yungoos; Lechonk
Oinkologne,2,Audino; Oinkologne
Dudunsparce Two-Segment Form,3,Audino; Terapagos Stellar Form; Dudunsparce Two-Segment Form
Dudunsparce Three-Segment Form,4,Audino; Terapagos Stellar Form; Dudunsparce Two-Segment Form; Dudunsparce Three-Segment Form
Tarountula,4,Audino; Galarian Meowth; Pawmi; Tarountula
Spidops,3,Audino; Galarian Meowth; Spidops
Nymble,4,Audino; Galarian Meowth; Pawmi; Nymble
Lokix,4,Audino; Phantump; Cramorant; Lokix
Rellor,5,Audino; Galarian Meowth; Pawmi; Nymble; Rellor
Rabsca,4,Audino; Phantump; Snom; Rabsca
Greavard,4,Audino; Sirfetch'd; Naclstack; Greavard
Houndstone,3,Audino; Mega Banette; Houndstone
Flittle,5,Audino; Galarian Meowth; Pawmi; Nymble; Flittle
Espathra,3,Audino; Palafin Hero Form; Espathra
Farigiraf,3,Audino; Wyrdeer; Farigiraf
Wiglett,3,Audino; Mega Banette; Wiglett
Wugtrio,4,Audino; Mega Banette; Wiglett; Wugtrio
Dondozo,3,Audino; Palafin Hero Form; Dondozo
Veluza,4,Audino; Urshifu Single Strike Style; Mega Starmie; Veluza
Finizen,3,Audino; Palafin Hero Form; Finizen
Palafin Zero Form,4,Audino; Palafin Hero Form; Finizen; Palafin Zero Form
Palafin Hero Form,2,Audino; Palafin Hero Form
Smoliv,3,Audino; Dolliv; Smoliv
Dolliv,2,Audino; Dolliv
Arboliva,3,Audino; Mega Pyroar; Arboliva
Capsakid,5,Audino; Galarian Meowth; Pawmi; Tarountula; Capsakid
Scovillain,4,Audino; Phantump; Dartrix; Scovillain
Tadbulb,4,Audino; Galarian Meowth; Pawmi; Tadbulb
Bellibolt,4,Audino; Palafin Hero Form; Paldean Tauros Combat Breed; Bellibolt
Varoom,3,Audino; Alolan Dugtrio; Varoom
Revavroom,4,Audino; Urshifu Single Strike Style; Iron Crown; Revavroom
Orthworm,4,Audino; Palafin Hero Form; Mega Darkrai; Orthworm
Tandemaus,4,Audino; Yungoos; Maushold Family of Three; Tandemaus
Maushold Family of Three,3,Audino; Yungoos; Maushold Family of Three
Maushold Family of Four,4,Audino; Yungoos; Maushold Family of Three; Maushold Family of Four
Cetoddle,3,Audino; Palafin Hero Form; Cetoddle
Cetitan,4,Audino; Palafin Hero Form; Mega Darkrai; Cetitan
Frigibax,5,Audino; Phantump; Cramorant; Glimmet; Frigibax
Arctibax,4,Audino; Phantump; Cramorant; Arctibax
Baxcalibur,4,Audino; Urshifu Single Strike Style; Walking Wake; Baxcalibur
Tatsugiri,3,Audino; Phantump; Tatsugiri
Cyclizar,3,Audino; Mega Pyroar; Cyclizar
Pawmi,3,Audino; Galarian Meowth; Pawmi
Pawmo,4,Audino; Phantump; Chi-Yu; Pawmo
Pawmot,3,Audino; Alolan Dugtrio; Pawmot
Wattrel,4,Audino; Phantump; Chi-Yu; Wattrel
Kilowattrel,4,Audino; Urshifu Single Strike Style; Mega Delphox; Kilowattrel
Bombirdier,4,Audino; Urshifu Single Strike Style; Mega Greninja; Bombirdier
Squawkabilly,2,Audino; Squawkabilly
Flamigo,4,Audino; Urshifu Single Strike Style; Quaquaval; Flamigo
Klawf,4,Audino; Palafin Hero Form; Cetoddle; Klawf
Nacli,4,Audino; Galarian Meowth; Fuecoco; Nacli
Naclstack,3,Audino; Sirfetch'd; Naclstack
Garganacl,4,Audino; Palafin Hero Form; Mega Darkrai; Garganacl
Glimmet,4,Audino; Phantump; Cramorant; Glimmet
Glimmora,4,Audino; Urshifu Single Strike Style; Mega Delphox; Glimmora
Shroodle,3,Audino; Dolliv; Shroodle
Grafaiai,3,Audino; Dolliv; Grafaiai
Fidough,3,Audino; Galarian Meowth; Fidough
Dachsbun,5,Audino; Galarian Meowth; Spidops; Charcadet; Dachsbun
Maschiff,6,Audino; Galarian Meowth; Spidops; Charcadet; Dachsbun; Maschiff
Mabosstiff,3,Audino; Alolan Persian; Mabosstiff
Bramblin,3,Audino; Phantump; Bramblin
Brambleghast,3,Audino; Tapu Lele; Brambleghast
Gimmighoul,5,Audino; Galarian Meowth; Pawmi; Tarountula; Gimmighoul
Gholdengo,4,Audino; Tapu Lele; Mega Scovillain; Gholdengo
Great Tusk,3,Audino; Urshifu Single Strike Style; Great Tusk
Brute Bonnet,4,Audino; Tapu Lele; Mega Scovillain; Brute Bonnet
Sandy Shocks,4,Audino; Urshifu Single Strike Style; Mega Starmie; Sandy Shocks
Scream Tail,3,Audino; Tapu Lele; Scream Tail
Flutter Mane,4,Audino; Tapu Lele; Galarian Weezing; Flutter Mane
Slither Wing,3,Audino; Urshifu Single Strike Style; Slither Wing
Roaring Moon,3,Audino; Urshifu Single Strike Style; Roaring Moon
Iron Treads,3,Audino; Alolan Dugtrio; Iron Treads
Iron Moth,4,Audino; Urshifu Single Strike Style; Mega Delphox; Iron Moth
Iron Hands,3,Audino; Urshifu Single Strike Style; Iron Hands
Iron Jugulis,3,Audino; Urshifu Single Strike Style; Iron Jugulis
Iron Thorns,5,Audino; Urshifu Single Strike Style; Iron Crown; Skeledirge; Iron Thorns
Iron Bundle,4,Audino; Phantump; Cramorant; Iron Bundle
Iron Valiant,5,Audino; Urshifu Single Strike Style; Quaquaval; Flamigo; Iron Valiant
Ting-Lu,4,Audino; Urshifu Single Strike Style; Kingambit; Ting-Lu
Chien-Pao,3,Audino; Urshifu Single Strike Style; Chien-Pao
Wo-Chien,3,Audino; Urshifu Single Strike Style; Wo-Chien
Chi-Yu,3,Audino; Phantump; Chi-Yu
Koraidon,4,Audino; Urshifu Single Strike Style; Mega Crabominable; Koraidon
Miraidon,4,Audino; Urshifu Single Strike Style; Walking Wake; Miraidon
Tinkatink,4,Audino; Phantump; Toxel; Tinkatink
Tinkatuff,3,Audino; Alolan Dugtrio; Tinkatuff
Tinkaton,3,Audino; Alolan Dugtrio; Tinkaton
Charcadet,4,Audino; Galarian Meowth; Spidops; Charcadet
Armarouge,4,Audino; Urshifu Single Strike Style; Mega Delphox; Armarouge
Ceruledge,4,Audino; Urshifu Single Strike Style; Mega Delphox; Ceruledge
Toedscool,3,Audino; Alolan Dugtrio; Toedscool
Toedscruel,3,Audino; Urshifu Single Strike Style; Toedscruel
Kingambit,3,Audino; Urshifu Single Strike Style; Kingambit
Clodsire,4,Audino; Urshifu Single Strike Style; Iron Crown; Clodsire
Annihilape,3,Audino; Urshifu Single Strike Style; Annihilape
Paldean Wooper,4,Audino; Phantump; Toxel; Paldean Wooper
Paldean Tauros Combat Breed,3,Audino; Palafin Hero Form; Paldean Tauros Combat Breed
Paldean Tauros Blaze Breed,4,Audino; Urshifu Single Strike Style; Annihilape; Paldean Tauros Blaze Breed
Paldean Tauros Aqua Breed,4,Audino; Urshifu Single Strike Style; Iron Hands; Paldean Tauros Aqua Breed
Walking Wake,3,Audino; Urshifu Single Strike Style; Walking Wake
Iron Leaves,4,Audino; Urshifu Single Strike Style; Iron Crown; Iron Leaves
Dipplin,3,Audino; Phantump; Dipplin
Poltchageist,4,Audino; Phantump; Sinistcha; Poltchageist
Sinistcha,3,Audino; Phantump; Sinistcha
Okidogi,4,Audino; Urshifu Single Strike Style; Quaquaval; Okidogi
Munkidori,5,Audino; Phantump; Cramorant; Lokix; Munkidori
Fezandipiti,3,Audino; Tapu Lele; Fezandipiti
Ogerpon,4,Audino; Palafin Hero Form; Cetoddle; Ogerpon
Archaludon,4,Audino; Urshifu Single Strike Style; Mega Starmie; Archaludon
Hydrapple,5,Audino; Urshifu Single Strike Style; Mega Delphox; Mega Clefable; Hydrapple
Gouging Fire,4,Audino; Urshifu Single Strike Style; Walking Wake; Gouging Fire
Raging Bolt,4,Audino; Urshifu Single Strike Style; Walking Wake; Raging Bolt
Iron Boulder,4,Audino; Urshifu Single Strike Style; Iron Crown; Iron Boulder
Iron Crown,3,Audino; Urshifu Single Strike Style; Iron Crown
Terapagos Normal Form,3,Audino; Yungoos; Terapagos Normal Form
Terapagos Terastal Form,4,Audino; Yungoos; Terapagos Normal Form; Terapagos Terastal Form
Terapagos Stellar Form,2,Audino; Terapagos Stellar Form
Bloodmoon Ursaluna,3,Audino; Mega Pyroar; Bloodmoon Ursaluna
Pecharunt,3,Audino; Phantump; Pecharunt
Mega Raichu X,5,Audino; Palafin Hero Form; Cetoddle; Ogerpon; Mega Raichu X
Mega Raichu Y,5,Audino; Galarian Meowth; Spidops; Crocalor; Mega Raichu Y
Mega Victreebel,4,Audino; Urshifu Single Strike Style; Walking Wake; Mega Victreebel
Mega Dragonite,4,Audino; Urshifu Single Strike Style; Walking Wake; Mega Dragonite
Mega Chimecho,3,Audino; Tapu Lele; Mega Chimecho
Mega Absol Z,4,Audino; Urshifu Single Strike Style; Wo-Chien; Mega Absol Z
Mega Staraptor,3,Audino; Urshifu Single Strike Style; Mega Staraptor
Mega Garchomp Z,4,Audino; Palafin Hero Form; Mega Darkrai; Mega Garchomp Z
Mega Lucario Z,4,Audino; Urshifu Single Strike Style; Annihilape; Mega Lucario Z
Mega Heatran,4,Audino; Urshifu Single Strike Style; Walking Wake; Mega Heatran
Mega Darkrai,3,Audino; Palafin Hero Form; Mega Darkrai
Mega Golurk,4,Audino; Urshifu Single Strike Style; Walking Wake; Mega Golurk
Mega Clefable,4,Audino; Urshifu Single Strike Style; Mega Delphox; Mega Clefable
Mega Starmie,3,Audino; Urshifu Single Strike Style; Mega Starmie
Mega Meganium,5,Audino; Urshifu Single Strike Style; Walking Wake; Mega Golisopod; Mega Meganium
Mega Feraligatr,4,Audino; Urshifu Single Strike Style; Walking Wake; Mega Feraligatr
Mega Skarmory,5,Audino; Urshifu Single Strike Style; Mega Delphox; Mega Clefable; Mega Skarmory
Mega Froslass,3,Audino; Tapu Lele; Mega Froslass
Mega Emboar,3,Audino; Urshifu Single Strike Style; Mega Emboar
Mega Excadrill,3,Audino; Alolan Dugtrio; Mega Excadrill
Mega Scolipede,5,Audino; Urshifu Single Strike Style; Walking Wake; Mega Golisopod; Mega Scolipede
Mega Scrafty,2,Audino; Mega Scrafty
Mega Eelektross,4,Audino; Palafin Hero Form; Mega Darkrai; Mega Eelektross
Mega Chandelure,4,Audino; Urshifu Single Strike Style; Mega Starmie; Mega Chandelure
Mega Chesnaught,4,Audino; Urshifu Single Strike Style; Quaquaval; Mega Chesnaught
Mega Delphox,3,Audino; Urshifu Single Strike Style; Mega Delphox
Mega Greninja,3,Audino; Urshifu Single Strike Style; Mega Greninja
Mega Pyroar,2,Audino; Mega Pyroar
Mega Floette,4,Audino; Sirfetch'd; Naclstack; Mega Floette
Mega Meowstic,5,Audino; Galarian Meowth; Spidops; Charcadet; Mega Meowstic
Mega Malamar,3,Audino; Urshifu Single Strike Style; Mega Malamar
Mega Barbaracle,4,Audino; Urshifu Single Strike Style; Slither Wing; Mega Barbaracle
Mega Dragalge,4,Audino; Urshifu Single Strike Style; Mega Starmie; Mega Dragalge
Mega Hawlucha,4,Audino; Phantump; Cramorant; Mega Hawlucha
Mega Zygarde,4,Audino; Urshifu Single Strike Style; Walking Wake; Mega Zygarde
Mega Crabominable,3,Audino; Urshifu Single Strike Style; Mega Crabominable
Mega Golisopod,4,Audino; Urshifu Single Strike Style; Walking Wake; Mega Golisopod
Mega Drampa,3,Audino; Wyrdeer; Mega Drampa
Mega Magearna,4,Audino; Urshifu Single Strike Style; Iron Crown; Mega Magearna
Mega Zeraora,4,Audino; Palafin Hero Form; Cetoddle; Mega Zeraora
Mega Falinks,4,Audino; Palafin Hero Form; Paldean Tauros Combat Breed; Mega Falinks
Mega Scovillain,3,Audino; Tapu Lele; Mega Scovillain
Mega Glimmora,5,Audino; Urshifu Single Strike Style; Mega Starmie; Mega Chandelure; Mega Glimmora
Mega Tatsugiri,4,Audino; Phantump; Cramorant; Mega Tatsugiri
Mega Baxcalibur,5,Audino; Urshifu Single Strike Style; Walking Wake; Mega Dragonite; Mega Baxcalibur
